tenure_months,monthly_charges,contract,internet_service,support_calls,churn
52,45.47,One year,None,3,1
15,,Two year,DSL,1,1
61,23.84,Month-to-month,Fiber,4,1
21,110.18,Month-to-month,Fiber,2,0
24,66.15,Month-to-month,Fiber,3,1
3,83.72,Two year,DSL,2,0
22,85.94,Two year,DSL,1,1
53,109.51,Month-to-month,None,0,0
2,83.67,One year,DSL,2,0
30,81.39,Month-to-month,None,0,1
38,26.67,Month-to-month,None,3,0
2,71.84,Two year,DSL,1,1
64,35.02,Month-to-month,DSL,0,1
60,93.74,Month-to-month,Fiber,1,0
21,71.22,One year,None,1,0
33,88.02,One year,None,4,1
58,24.17,Month-to-month,Fiber,3,1
22,28.48,One year,Fiber,3,0
49,91.63,Month-to-month,DSL,1,0
59,27.21,Month-to-month,None,2,0
42,27.13,Month-to-month,None,3,1
60,21.21,One year,DSL,3,1
15,115.65,Month-to-month,DSL,4,1
62,93.75,Two year,DSL,0,0
62,55.33,Two year,DSL,0,0
47,49.65,Two year,None,3,0
62,54.97,Month-to-month,Fiber,2,0
51,97.47,Two year,DSL,1,0
55,86.14,Month-to-month,DSL,1,0
64,38.52,Month-to-month,None,1,1
3,37.41,Month-to-month,Fiber,3,1
51,29.84,Month-to-month,Fiber,1,1
7,86.03,One year,DSL,0,1
21,96.44,Month-to-month,None,1,1
39,46.5,Month-to-month,None,5,0
18,22.09,One year,DSL,1,0
4,28.22,Month-to-month,DSL,0,1
60,116.79,One year,DSL,3,1
14,49.54,Month-to-month,DSL,2,1
9,96.92,Two year,Fiber,1,0
53,82.47,Two year,None,1,0
2,58.19,Month-to-month,Fiber,4,1
60,40.57,Month-to-month,None,1,0
71,32.14,Month-to-month,Fiber,2,0
44,81.5,Two year,Fiber,2,0
8,97.46,Month-to-month,Fiber,1,1
47,84.39,Month-to-month,DSL,4,0
35,73.03,Month-to-month,Fiber,1,1
36,24.2,Month-to-month,Fiber,0,0
50,116.85,Month-to-month,DSL,2,1
4,99.87,Two year,Fiber,0,0
2,49.28,Month-to-month,Fiber,3,0
6,118.0,Month-to-month,None,0,1
54,80.19,Two year,Fiber,5,1
4,78.24,Two year,None,3,1
54,94.81,Month-to-month,Fiber,1,1
63,101.18,Month-to-month,Fiber,2,1
18,85.65,Month-to-month,Fiber,2,1
44,32.81,Two year,None,2,1
34,53.83,Month-to-month,Fiber,1,0
62,112.81,Two year,Fiber,4,0
14,42.46,One year,Fiber,1,1
48,57.22,Month-to-month,Fiber,4,1
15,63.21,Month-to-month,DSL,0,1
62,63.94,Month-to-month,DSL,2,0
40,81.29,Month-to-month,DSL,2,0
53,,Month-to-month,None,1,0
24,44.07,One year,DSL,4,0
26,32.15,Two year,DSL,2,0
60,39.75,One year,Fiber,4,0
41,108.69,One year,DSL,2,0
29,84.58,Month-to-month,Fiber,3,1
15,48.59,Month-to-month,DSL,3,1
45,101.59,Month-to-month,None,1,0
65,106.14,One year,None,0,0
71,104.65,Two year,None,1,0
9,111.89,One year,Fiber,2,1
1,45.22,Month-to-month,Fiber,2,1
8,95.5,Month-to-month,DSL,4,1
63,66.05,One year,DSL,1,0
11,104.2,Month-to-month,DSL,3,1
8,92.85,Two year,Fiber,4,1
35,97.64,Two year,Fiber,4,1
35,,One year,Fiber,1,1
33,37.74,Month-to-month,DSL,2,1
5,74.5,Month-to-month,Fiber,3,1
41,118.47,Month-to-month,Fiber,0,1
28,113.74,Month-to-month,Fiber,1,1
7,24.32,Month-to-month,Fiber,2,1
12,36.48,One year,DSL,3,0
34,33.17,One year,None,2,1
33,92.6,Month-to-month,Fiber,1,1
48,101.78,Month-to-month,DSL,1,1
23,41.35,Month-to-month,DSL,0,0
62,70.59,Month-to-month,Fiber,2,1
37,104.07,Two year,None,2,0
44,93.28,Month-to-month,Fiber,1,1
35,74.22,Month-to-month,DSL,2,1
65,79.03,Month-to-month,None,3,1
47,70.84,Two year,Fiber,2,1
3,49.75,One year,Fiber,2,1
1,76.5,Month-to-month,Fiber,3,1
5,88.89,Month-to-month,DSL,2,1
14,107.33,One year,Fiber,2,1
27,83.63,Two year,Fiber,1,0
9,96.11,Month-to-month,None,4,1
15,36.01,Two year,Fiber,5,0
42,66.16,Two year,Fiber,1,0
51,20.93,Two year,Fiber,1,0
63,44.67,One year,None,4,0
52,92.65,One year,None,2,0
4,119.18,Month-to-month,Fiber,4,1
23,29.92,One year,Fiber,3,1
15,60.15,Month-to-month,Fiber,2,1
43,100.01,One year,Fiber,2,1
29,40.4,Month-to-month,DSL,0,1
36,75.51,One year,Fiber,2,1
13,93.31,Two year,DSL,0,0
32,81.6,Month-to-month,None,4,1
71,38.8,Two year,DSL,3,0
59,55.54,Month-to-month,None,3,1
28,98.38,Two year,Fiber,0,1
66,75.42,Month-to-month,Fiber,4,1
42,20.52,Month-to-month,Fiber,2,0
45,96.1,Two year,DSL,1,1
62,23.53,Month-to-month,Fiber,1,1
57,94.57,Two year,DSL,3,0
6,40.25,Month-to-month,Fiber,2,1
28,115.81,Month-to-month,Fiber,1,1
28,56.79,Month-to-month,Fiber,2,1
44,52.69,One year,DSL,1,0
30,34.89,Month-to-month,DSL,2,1
62,50.56,Month-to-month,Fiber,3,1
62,107.67,Month-to-month,None,2,1
1,119.63,Month-to-month,Fiber,1,1
27,56.83,Two year,Fiber,0,0
62,64.86,Two year,Fiber,0,0
3,92.21,Month-to-month,DSL,1,1
70,108.62,One year,None,2,1
27,79.3,Month-to-month,Fiber,2,1
9,59.15,One year,DSL,2,1
62,61.26,Two year,Fiber,1,0
37,89.56,Two year,DSL,1,0
51,20.32,Month-to-month,None,2,0
44,81.96,One year,DSL,0,0
24,55.55,Month-to-month,Fiber,1,1
59,99.42,Two year,DSL,3,1
32,29.3,Month-to-month,Fiber,0,1
52,78.82,One year,Fiber,0,0
62,68.1,One year,Fiber,1,0
58,84.23,One year,Fiber,1,0
52,26.49,Month-to-month,None,0,0
12,78.0,Two year,DSL,2,1
39,76.15,Month-to-month,DSL,2,1
2,76.07,One year,DSL,2,1
3,80.35,Month-to-month,None,0,1
56,87.65,Month-to-month,Fiber,3,0
59,100.5,Month-to-month,Fiber,0,0
2,46.98,Month-to-month,Fiber,2,1
2,102.5,Month-to-month,DSL,3,1
54,69.83,Month-to-month,DSL,4,1
1,27.71,Month-to-month,DSL,2,1
19,25.86,One year,Fiber,2,0
2,53.42,Two year,DSL,1,1
53,98.49,Month-to-month,DSL,4,0
44,90.77,Month-to-month,None,3,1
32,98.86,Month-to-month,None,3,1
70,71.73,Month-to-month,DSL,2,0
32,64.02,One year,DSL,1,1
68,34.75,One year,DSL,3,0
55,52.82,Month-to-month,Fiber,1,1
56,63.4,Month-to-month,None,0,1
17,28.86,Month-to-month,DSL,3,0
38,42.06,Two year,DSL,2,0
24,79.82,Two year,Fiber,3,0
69,93.57,Month-to-month,Fiber,3,1
70,119.83,Month-to-month,DSL,0,1
11,113.31,Two year,Fiber,3,0
16,84.26,Two year,DSL,2,1
59,62.12,Month-to-month,Fiber,2,0
70,83.62,Month-to-month,Fiber,3,1
3,98.57,Month-to-month,None,1,1
20,31.83,One year,Fiber,1,1
59,60.99,Month-to-month,None,2,0
36,103.98,Month-to-month,Fiber,1,0
19,58.38,One year,Fiber,0,1
67,77.19,Month-to-month,Fiber,2,0
19,78.78,One year,None,4,0
20,38.45,Month-to-month,None,2,1
71,56.22,Month-to-month,DSL,0,0
52,53.45,One year,None,1,0
33,22.62,Month-to-month,None,5,1
40,22.42,Two year,Fiber,4,1
39,103.17,Month-to-month,DSL,4,1
1,47.31,Month-to-month,None,4,1
11,71.81,One year,None,3,1
57,,Month-to-month,DSL,2,1
50,114.07,Two year,None,1,1
23,45.93,Month-to-month,DSL,1,1
31,62.97,Month-to-month,DSL,1,0
42,107.27,Month-to-month,Fiber,0,1
7,104.19,Month-to-month,Fiber,1,1
16,38.61,Two year,Fiber,4,0
60,100.26,Two year,DSL,0,1
2,65.82,Month-to-month,None,1,0
1,68.3,Month-to-month,DSL,3,1
48,33.35,Two year,DSL,1,0
12,28.06,Two year,DSL,2,0
69,92.79,Month-to-month,Fiber,1,0
37,69.65,Month-to-month,None,2,1
32,63.69,Month-to-month,Fiber,3,1
9,92.95,Two year,None,1,1
19,96.55,Month-to-month,DSL,5,1
48,35.89,Month-to-month,Fiber,5,1
3,81.02,One year,Fiber,1,1
20,33.54,Month-to-month,Fiber,0,1
24,95.14,Month-to-month,DSL,1,0
54,85.7,Month-to-month,Fiber,3,1
33,115.66,Month-to-month,Fiber,1,1
24,26.9,Month-to-month,Fiber,0,1
36,25.71,Month-to-month,Fiber,3,0
38,,Month-to-month,DSL,2,0
25,46.17,One year,Fiber,0,0
18,,Two year,DSL,0,0
66,110.63,One year,None,1,0
54,44.95,Month-to-month,Fiber,2,0
35,47.19,Month-to-month,DSL,1,0
61,95.94,Month-to-month,None,0,1
41,64.97,Month-to-month,Fiber,3,1
33,97.67,Month-to-month,DSL,0,1
68,26.54,One year,Fiber,2,0
33,68.76,Month-to-month,DSL,1,1
14,23.36,Month-to-month,None,1,1
21,26.27,Month-to-month,None,3,0
48,110.64,One year,None,2,1
20,33.92,Month-to-month,Fiber,3,1
8,73.24,One year,Fiber,3,1
7,61.11,Month-to-month,Fiber,5,1
67,54.73,Two year,DSL,2,0
17,109.98,Two year,Fiber,0,0
33,22.18,Month-to-month,Fiber,1,1
48,86.38,Month-to-month,DSL,1,1
59,116.34,Month-to-month,Fiber,2,1
22,76.02,Month-to-month,None,3,1
30,113.68,One year,None,4,0
38,25.23,Two year,DSL,0,0
51,61.88,One year,DSL,1,1
54,46.02,Two year,DSL,2,0
8,93.08,Month-to-month,None,2,1
27,118.13,Month-to-month,DSL,3,1
27,45.65,One year,Fiber,1,1
21,85.42,Month-to-month,DSL,1,1
30,39.81,One year,Fiber,2,0
28,76.53,Month-to-month,Fiber,0,1
64,66.39,Month-to-month,Fiber,3,1
69,117.2,Two year,DSL,3,0
61,80.85,Month-to-month,Fiber,3,1
48,54.95,Two year,DSL,3,1
19,31.41,Two year,Fiber,2,1
4,35.12,One year,None,5,1
35,42.53,One year,DSL,3,1
64,45.1,One year,None,1,1
49,,Two year,Fiber,4,0
17,76.12,Month-to-month,DSL,2,1
44,72.34,Month-to-month,Fiber,2,1
30,31.48,One year,DSL,0,0
46,106.01,Month-to-month,Fiber,1,1
6,92.28,Month-to-month,Fiber,2,1
37,26.77,Month-to-month,DSL,1,0
24,90.78,One year,Fiber,3,1
46,74.35,Two year,None,5,0
53,28.17,Month-to-month,None,2,1
60,65.83,Two year,Fiber,2,1
63,68.47,One year,None,2,0
32,36.58,Two year,Fiber,1,0
33,114.57,One year,Fiber,1,0
67,105.0,One year,None,3,0
18,86.9,Month-to-month,Fiber,4,1
25,66.23,Two year,Fiber,2,0
54,61.18,Month-to-month,Fiber,4,1
58,85.1,Two year,None,2,0
67,74.54,Two year,None,3,0
46,26.23,Month-to-month,Fiber,2,0
24,71.25,Month-to-month,DSL,3,1
32,100.64,One year,Fiber,2,0
47,65.92,Month-to-month,Fiber,3,1
23,25.2,Two year,DSL,0,0
66,98.63,Month-to-month,Fiber,2,0
27,40.14,Month-to-month,Fiber,2,1
2,45.86,Two year,DSL,3,0
17,36.47,One year,DSL,2,1
33,53.02,Two year,DSL,0,0
9,95.68,Month-to-month,None,1,1
43,71.94,One year,DSL,4,1
48,40.49,One year,DSL,2,1
39,107.78,One year,Fiber,2,1
42,107.96,One year,DSL,1,1
26,107.06,One year,DSL,2,1
50,43.88,Month-to-month,DSL,1,1
25,65.12,Month-to-month,Fiber,2,1
24,118.5,One year,Fiber,1,1
13,97.2,Month-to-month,Fiber,2,1
60,22.72,One year,Fiber,1,0
7,26.52,Month-to-month,None,3,0
57,66.39,One year,Fiber,1,1
36,110.92,One year,DSL,2,1
45,73.87,Month-to-month,DSL,1,0
20,69.78,Month-to-month,Fiber,0,1
65,30.55,Month-to-month,Fiber,1,0
8,85.68,One year,DSL,2,1
16,102.21,Two year,Fiber,0,1
14,58.04,Month-to-month,DSL,2,1
15,97.56,One year,Fiber,2,1
66,116.45,Month-to-month,Fiber,0,0
32,40.38,Month-to-month,DSL,1,1
63,72.33,Two year,Fiber,2,0
51,48.71,Month-to-month,DSL,0,1
25,99.29,Month-to-month,Fiber,4,1
58,77.76,Month-to-month,DSL,4,1
63,83.46,Month-to-month,None,1,0
62,99.79,Month-to-month,DSL,2,1
22,59.6,Month-to-month,None,3,1
58,111.51,One year,Fiber,4,1
58,73.3,Month-to-month,Fiber,3,1
49,35.8,Month-to-month,DSL,1,0
52,89.59,Month-to-month,None,3,1
42,99.33,Month-to-month,DSL,1,0
70,51.68,One year,DSL,1,0
15,105.72,Two year,Fiber,1,0
54,110.61,Month-to-month,DSL,3,1
60,47.69,Two year,DSL,0,0
8,118.35,One year,None,3,1
53,34.07,One year,None,0,0
60,40.2,Month-to-month,Fiber,2,0
5,38.42,Month-to-month,None,0,1
68,109.4,Month-to-month,Fiber,0,0
6,85.43,One year,DSL,0,0
47,35.21,Month-to-month,Fiber,1,0
55,64.03,Two year,Fiber,1,0
40,81.53,Month-to-month,None,3,1
52,28.35,Month-to-month,DSL,1,1
16,108.24,One year,Fiber,0,1
13,100.36,Month-to-month,DSL,3,1
30,70.52,Month-to-month,DSL,2,1
19,116.71,One year,DSL,1,0
17,61.78,Two year,None,1,1
63,118.41,One year,None,3,0
19,86.79,One year,Fiber,3,1
58,83.47,One year,Fiber,1,1
55,36.6,Two year,DSL,2,0
62,108.19,Month-to-month,DSL,3,1
23,62.75,Month-to-month,DSL,2,1
9,36.22,Month-to-month,Fiber,1,1
12,21.26,Month-to-month,Fiber,2,0
1,75.98,One year,Fiber,1,1
58,72.74,One year,DSL,2,1
1,91.94,One year,DSL,4,1
34,109.03,Month-to-month,DSL,1,1
48,27.94,One year,Fiber,0,0
1,93.15,Month-to-month,None,1,1
16,38.74,One year,Fiber,4,1
61,105.82,One year,None,2,0
64,101.91,Month-to-month,Fiber,0,1
63,74.08,Month-to-month,Fiber,1,1
69,91.02,Month-to-month,DSL,0,0
22,51.44,Two year,None,3,0
67,67.12,Two year,Fiber,1,0
26,102.16,One year,DSL,2,1
16,65.93,Month-to-month,Fiber,2,0
51,55.78,Month-to-month,Fiber,3,1
57,69.42,One year,Fiber,2,0
29,102.82,One year,None,1,0
69,53.52,Month-to-month,Fiber,4,0
47,37.38,Month-to-month,Fiber,2,1
62,91.2,One year,DSL,2,1
69,102.6,Month-to-month,DSL,1,0
16,30.06,Month-to-month,DSL,4,1
48,43.99,Month-to-month,DSL,1,0
39,34.2,Month-to-month,Fiber,3,1
33,54.79,Two year,Fiber,2,0
23,65.04,Two year,DSL,1,1
10,94.88,One year,None,1,0
69,85.11,Month-to-month,DSL,0,0
34,82.09,Month-to-month,DSL,1,1
52,55.24,Month-to-month,DSL,1,0
10,104.14,Month-to-month,Fiber,1,1
19,67.13,One year,DSL,3,1
58,117.91,Month-to-month,Fiber,2,1
1,83.41,Month-to-month,Fiber,3,1
69,32.63,Month-to-month,None,0,0
4,87.62,Month-to-month,DSL,1,1
16,52.51,Month-to-month,DSL,1,1
24,88.63,Month-to-month,DSL,5,1
2,26.96,Two year,Fiber,5,1
32,37.49,Month-to-month,DSL,3,1
24,105.57,Month-to-month,None,3,1
12,42.72,Two year,Fiber,2,0
50,103.7,Two year,Fiber,2,0
35,47.93,One year,Fiber,2,1
33,84.29,Two year,DSL,0,0
33,89.42,Month-to-month,DSL,2,1
61,71.27,Month-to-month,DSL,1,1
51,50.53,Month-to-month,Fiber,2,1
43,41.26,One year,DSL,2,0
12,23.32,One year,DSL,4,1
67,50.39,Month-to-month,None,4,0
65,85.32,Month-to-month,DSL,2,1
33,113.83,One year,None,2,1
40,107.12,Month-to-month,Fiber,4,1
43,96.61,One year,DSL,2,0
44,98.84,One year,DSL,4,1
29,86.5,One year,DSL,0,1
13,46.03,One year,Fiber,0,0
12,110.72,Two year,Fiber,2,1
46,87.07,Month-to-month,Fiber,2,1
2,76.04,One year,None,3,1
35,31.1,One year,Fiber,3,0
8,64.71,Month-to-month,DSL,4,1
26,66.04,Month-to-month,DSL,1,1
34,106.46,Month-to-month,None,2,1
7,74.66,Month-to-month,DSL,1,1
68,58.04,One year,DSL,1,0
58,117.68,Two year,Fiber,5,0
29,31.07,Month-to-month,Fiber,1,1
36,62.25,Month-to-month,None,3,1
21,24.2,Two year,Fiber,1,0
36,93.99,Month-to-month,DSL,0,0
10,111.81,Month-to-month,None,1,1
24,48.0,One year,DSL,0,0
64,105.83,Month-to-month,DSL,1,0
49,49.22,Month-to-month,Fiber,3,1
36,111.08,Month-to-month,DSL,2,1
24,95.4,Month-to-month,Fiber,1,1
23,100.49,One year,DSL,3,1
62,21.8,Month-to-month,Fiber,3,1
37,116.28,Month-to-month,Fiber,0,1
12,92.67,One year,Fiber,2,1
55,50.48,Two year,None,1,0
13,102.94,Month-to-month,DSL,2,1
23,48.15,Month-to-month,Fiber,0,1
30,107.28,One year,Fiber,3,1
17,31.26,Month-to-month,DSL,2,0
62,90.37,Month-to-month,Fiber,4,1
13,74.07,One year,Fiber,1,1
59,29.65,Two year,DSL,4,0
19,44.19,Two year,Fiber,1,0
49,21.24,One year,DSL,1,0
12,66.88,One year,Fiber,0,1
61,50.13,Month-to-month,DSL,4,1
19,79.84,One year,None,4,1
9,49.72,Month-to-month,Fiber,2,1
71,49.99,Month-to-month,Fiber,2,1
28,94.32,One year,Fiber,2,1
52,24.81,One year,None,2,0
16,110.29,Month-to-month,Fiber,4,1
69,105.23,Two year,DSL,0,0
12,86.78,Month-to-month,Fiber,4,1
25,79.32,Month-to-month,None,1,1
52,109.23,Month-to-month,Fiber,1,0
53,38.53,One year,Fiber,2,0
23,27.9,One year,None,3,0
16,43.95,Month-to-month,None,2,1
57,99.46,One year,None,7,1
39,23.47,Month-to-month,DSL,5,1
53,78.28,One year,Fiber,2,0
42,119.54,Month-to-month,Fiber,3,1
58,105.57,Month-to-month,Fiber,2,1
39,72.14,Two year,Fiber,2,1
14,26.36,Month-to-month,DSL,2,0
5,103.14,Month-to-month,Fiber,2,1
35,79.9,One year,Fiber,2,1
18,31.49,Two year,DSL,1,0
9,29.39,Month-to-month,Fiber,0,0
58,110.96,Month-to-month,DSL,5,1
17,86.92,Month-to-month,DSL,5,1
7,102.93,Month-to-month,DSL,1,1
46,107.9,Month-to-month,Fiber,2,1
13,77.18,One year,Fiber,0,1
40,71.74,Two year,Fiber,1,0
42,63.04,Month-to-month,Fiber,2,0
9,51.69,Month-to-month,None,0,1
50,63.46,Month-to-month,DSL,2,1
27,97.39,Month-to-month,DSL,4,0
66,80.19,Two year,None,3,0
5,109.25,Month-to-month,DSL,3,1
29,,Month-to-month,None,5,1
37,80.71,One year,None,3,1
38,83.13,Month-to-month,Fiber,6,1
8,79.17,One year,None,1,1
65,90.26,Month-to-month,DSL,4,1
17,43.74,Two year,DSL,0,0
71,71.24,Two year,Fiber,2,0
45,30.42,One year,Fiber,4,0
4,58.45,Two year,None,2,1
36,68.77,Month-to-month,DSL,3,1
70,85.22,Month-to-month,Fiber,0,0
31,115.05,One year,Fiber,0,1
19,80.07,One year,Fiber,2,1
61,94.36,Month-to-month,DSL,5,1
54,,Month-to-month,Fiber,1,1
39,83.41,Month-to-month,None,1,1
19,27.09,Month-to-month,DSL,2,1
39,45.44,Month-to-month,None,2,0
67,56.19,One year,Fiber,1,0
45,67.25,Month-to-month,Fiber,0,0
13,24.56,Month-to-month,Fiber,3,0
58,34.0,One year,DSL,1,0
20,47.68,One year,Fiber,1,0
61,117.15,Two year,None,1,0
39,53.13,One year,Fiber,2,0
1,68.2,Month-to-month,None,2,1
3,39.61,Two year,Fiber,2,0
62,81.08,Month-to-month,DSL,0,0
63,48.07,Month-to-month,Fiber,3,0
25,40.7,One year,None,4,1
56,71.66,Two year,DSL,1,0
33,20.55,Month-to-month,None,5,1
38,20.77,Month-to-month,None,2,1
6,41.91,Month-to-month,Fiber,1,1
58,23.67,Month-to-month,DSL,3,0
44,30.8,Month-to-month,Fiber,2,0
45,53.89,One year,DSL,1,1
32,100.26,Month-to-month,Fiber,2,1
45,77.2,Two year,Fiber,1,0
61,71.27,One year,Fiber,4,0
47,49.35,One year,Fiber,3,0
21,113.18,Two year,Fiber,3,0
36,59.7,Month-to-month,Fiber,5,1
19,28.71,Month-to-month,Fiber,1,0
20,81.71,One year,Fiber,3,1
57,31.38,Two year,Fiber,3,1
18,54.52,One year,None,5,1
47,70.74,Month-to-month,Fiber,2,0
49,107.42,Two year,Fiber,0,0
14,69.35,Month-to-month,Fiber,2,1
15,90.23,Two year,DSL,4,0
31,119.28,Two year,DSL,1,1
1,33.15,Month-to-month,None,4,0
54,47.47,One year,Fiber,2,1
3,59.46,Month-to-month,Fiber,1,1
16,62.18,Month-to-month,Fiber,2,1
57,61.1,Month-to-month,DSL,2,1
12,110.76,One year,Fiber,2,1
16,91.4,Two year,Fiber,3,1
24,80.79,One year,Fiber,4,1
28,50.94,Month-to-month,Fiber,2,1
8,102.38,Two year,DSL,0,1
36,115.51,Two year,DSL,2,1
8,,Month-to-month,None,2,1
58,20.16,Two year,Fiber,1,0
60,83.64,Month-to-month,Fiber,1,1
50,25.11,Two year,DSL,1,0
28,45.76,Month-to-month,DSL,1,0
41,25.95,Month-to-month,Fiber,2,0
64,80.38,Month-to-month,Fiber,1,0
27,88.66,One year,Fiber,2,1
63,31.45,Month-to-month,DSL,4,0
17,58.38,Month-to-month,Fiber,4,1
33,65.62,One year,DSL,2,0
29,56.91,Two year,DSL,2,0
13,32.1,Month-to-month,Fiber,2,1
46,61.89,Month-to-month,DSL,0,0
35,95.12,Month-to-month,DSL,1,1
6,27.1,Month-to-month,Fiber,0,1
69,28.02,Two year,Fiber,1,0
47,55.48,Two year,None,1,0
25,114.17,One year,Fiber,3,1
66,86.86,Month-to-month,DSL,2,0
10,87.87,One year,DSL,2,1
56,56.19,One year,None,3,0
30,79.37,Two year,Fiber,1,0
5,21.01,One year,Fiber,6,1
33,83.61,One year,DSL,2,0
65,111.33,One year,Fiber,4,1
18,81.26,Month-to-month,DSL,2,1
49,107.37,Two year,Fiber,0,0
11,92.4,Month-to-month,None,3,1
26,32.06,One year,None,1,1
63,110.25,Month-to-month,Fiber,1,1
59,26.64,One year,Fiber,2,0
27,73.4,One year,None,1,1
49,34.21,Month-to-month,Fiber,3,1
33,21.17,Month-to-month,DSL,2,1
1,62.2,One year,Fiber,4,1
21,49.5,One year,DSL,0,0
55,68.6,Month-to-month,Fiber,2,0
6,77.72,Month-to-month,Fiber,2,1
69,24.37,One year,Fiber,2,0
5,32.3,Month-to-month,Fiber,3,1
3,75.86,Month-to-month,DSL,3,1
53,54.32,Month-to-month,Fiber,0,1
23,92.92,Month-to-month,None,2,1
53,,Month-to-month,Fiber,2,1
37,104.56,Month-to-month,DSL,3,1
17,89.25,Month-to-month,None,3,1
1,62.99,Month-to-month,None,1,0
51,87.3,Month-to-month,DSL,1,0
45,47.54,Month-to-month,DSL,2,1
4,50.63,Month-to-month,Fiber,1,1
62,98.9,Two year,None,2,0
65,64.64,Month-to-month,None,5,1
32,99.84,Month-to-month,None,4,1
34,102.24,Month-to-month,Fiber,3,1
39,105.76,Month-to-month,Fiber,4,1
26,111.66,One year,DSL,0,1
34,63.1,One year,DSL,0,0
54,51.89,Two year,Fiber,0,0
3,78.22,One year,Fiber,1,1
50,57.12,Two year,Fiber,2,0
12,80.11,Month-to-month,Fiber,1,1
65,90.56,Month-to-month,DSL,1,1
54,88.84,Month-to-month,Fiber,0,1
5,57.46,Month-to-month,DSL,3,1
57,36.69,Month-to-month,Fiber,3,1
17,63.05,One year,Fiber,2,0
47,34.26,Month-to-month,Fiber,2,0
23,109.01,Two year,None,1,1
14,54.59,Two year,DSL,0,1
66,35.45,Month-to-month,Fiber,1,0
51,22.54,Month-to-month,DSL,0,1
38,84.58,Month-to-month,Fiber,4,1
64,83.69,Month-to-month,None,2,1
38,54.06,Month-to-month,Fiber,1,1
50,27.17,Month-to-month,None,5,1
30,60.96,Month-to-month,DSL,1,1
51,51.12,Month-to-month,None,2,1
63,87.71,Two year,DSL,3,0
52,80.58,One year,None,1,0
38,56.46,Two year,DSL,1,0
30,41.79,Month-to-month,DSL,2,0
51,118.8,Month-to-month,Fiber,1,0
5,65.4,One year,None,1,0
29,88.83,Month-to-month,DSL,2,1
4,34.06,Month-to-month,Fiber,0,1
10,68.56,One year,None,3,0
56,22.75,One year,Fiber,1,1
17,70.55,Month-to-month,DSL,1,1
17,116.4,Month-to-month,Fiber,1,0
69,58.42,Month-to-month,Fiber,3,0
34,23.9,Month-to-month,None,3,0
6,23.1,Month-to-month,Fiber,1,1
53,58.8,Month-to-month,Fiber,2,0
66,36.0,Month-to-month,None,2,0
43,,Two year,Fiber,2,0
23,95.62,One year,DSL,1,1
55,65.85,One year,DSL,2,0
16,48.92,Month-to-month,Fiber,2,1
8,110.01,Month-to-month,DSL,0,1
4,31.61,Month-to-month,None,3,1
4,115.59,Month-to-month,Fiber,1,1
56,51.4,Month-to-month,DSL,4,1
25,108.84,One year,Fiber,3,0
67,80.29,One year,Fiber,4,0
67,102.67,Month-to-month,None,3,1
27,118.4,Month-to-month,None,0,1
32,48.84,Two year,Fiber,2,0
50,116.11,Month-to-month,Fiber,2,1
61,58.95,Month-to-month,Fiber,1,0
51,58.55,Month-to-month,Fiber,1,0
19,54.04,One year,DSL,1,1
21,74.14,Two year,DSL,4,1
5,35.41,Month-to-month,Fiber,1,1
42,75.37,Two year,DSL,2,0
61,74.17,Two year,DSL,0,0
22,96.19,Month-to-month,Fiber,1,1
21,103.36,Month-to-month,DSL,4,1
70,64.04,Month-to-month,Fiber,0,0
1,50.23,Two year,Fiber,2,0
5,45.93,Month-to-month,None,0,1
12,39.46,One year,Fiber,3,0
46,25.76,Month-to-month,DSL,2,1
34,54.24,One year,Fiber,2,1
49,47.02,Month-to-month,None,2,1
45,116.64,One year,None,1,1
27,75.77,Two year,Fiber,2,0
26,54.73,Two year,DSL,2,0
47,78.05,Two year,None,3,1
56,33.92,Month-to-month,DSL,3,1
63,64.4,One year,Fiber,1,0
48,82.62,Month-to-month,Fiber,3,1
61,68.89,Month-to-month,DSL,3,1
26,60.18,Month-to-month,DSL,4,1
36,119.38,Month-to-month,DSL,0,0
1,108.03,Month-to-month,Fiber,1,1
8,82.34,Two year,None,0,1
52,76.94,Month-to-month,DSL,1,0
47,82.07,One year,None,0,0
56,40.13,Month-to-month,DSL,2,0
14,59.51,Month-to-month,Fiber,5,1
28,23.95,Month-to-month,DSL,0,0
2,67.55,Two year,None,6,1
26,74.3,Two year,Fiber,0,0
14,,Two year,Fiber,4,1
59,116.4,Two year,None,2,0
56,110.95,Month-to-month,Fiber,3,1
7,92.21,Month-to-month,None,1,1
3,73.34,One year,Fiber,4,1
23,107.0,Month-to-month,None,2,1
18,33.07,Month-to-month,Fiber,1,1
38,99.05,Month-to-month,DSL,0,1
15,32.48,One year,Fiber,3,1
64,99.42,One year,DSL,4,0
28,47.58,Month-to-month,Fiber,2,0
39,107.71,Month-to-month,Fiber,4,1
57,114.4,One year,Fiber,3,0
17,34.88,One year,DSL,2,0
44,66.27,Month-to-month,DSL,5,1
25,118.1,One year,Fiber,1,1
17,68.34,Month-to-month,None,2,1
13,106.35,Month-to-month,Fiber,2,1
25,78.87,One year,Fiber,1,1
68,57.53,One year,Fiber,0,0
10,48.58,Month-to-month,Fiber,3,1
67,40.32,One year,DSL,3,1
18,96.18,One year,Fiber,3,1
34,58.65,One year,DSL,2,1
8,71.13,One year,None,3,1
40,69.23,One year,DSL,3,0
42,77.73,Month-to-month,Fiber,0,1
41,106.56,Month-to-month,DSL,1,1
6,118.07,Month-to-month,DSL,4,1
52,60.76,Month-to-month,Fiber,1,0
26,102.75,One year,DSL,2,1
64,96.45,Month-to-month,DSL,3,1
59,77.35,Month-to-month,Fiber,1,0
56,115.6,Month-to-month,DSL,1,1
59,40.05,Month-to-month,DSL,4,1
70,30.93,Month-to-month,None,5,1
33,105.4,One year,Fiber,1,1
53,63.91,Month-to-month,None,1,0
22,104.7,One year,None,5,1
21,109.31,Two year,Fiber,0,0
70,26.25,Month-to-month,DSL,2,0
70,108.35,Month-to-month,Fiber,1,1
4,64.83,Month-to-month,None,2,1
62,71.04,One year,Fiber,2,0
62,82.66,One year,Fiber,1,0
24,112.64,Month-to-month,DSL,3,1
55,21.91,Month-to-month,None,3,0
9,67.68,Two year,Fiber,3,1
3,88.77,Month-to-month,None,1,1
31,92.27,Month-to-month,DSL,0,0
40,89.25,Two year,DSL,2,0
36,33.44,One year,DSL,1,1
24,49.94,Two year,Fiber,4,0
6,55.87,One year,DSL,4,1
66,100.44,Two year,DSL,1,0
4,47.88,Month-to-month,None,0,0
6,41.07,One year,DSL,2,0
51,115.74,Two year,None,2,1
62,20.89,One year,Fiber,4,1
57,119.78,Month-to-month,None,1,1
66,87.68,Month-to-month,Fiber,1,1
8,,Month-to-month,None,2,1
26,49.46,Month-to-month,None,6,1
51,21.43,Month-to-month,DSL,1,1
45,93.79,One year,DSL,0,0
44,103.41,One year,DSL,1,1
5,94.05,Month-to-month,Fiber,1,1
70,34.29,One year,None,0,0
26,,Month-to-month,Fiber,1,1
68,96.89,Month-to-month,Fiber,1,0
19,85.85,Month-to-month,DSL,4,1
20,96.61,Month-to-month,None,6,1
12,104.59,Month-to-month,None,1,1
47,81.36,Month-to-month,DSL,1,0
1,28.86,Month-to-month,Fiber,1,1
14,68.76,Two year,DSL,2,0
64,27.76,Month-to-month,Fiber,0,0
38,60.75,One year,Fiber,5,1
37,60.71,One year,DSL,2,0
11,26.6,One year,Fiber,2,0
3,54.88,Two year,DSL,1,0
33,31.1,Month-to-month,Fiber,1,1
6,100.82,Month-to-month,Fiber,1,1
50,114.77,Two year,DSL,6,1
10,27.23,Month-to-month,Fiber,2,1
5,,One year,Fiber,1,1
23,72.26,One year,Fiber,0,1
10,49.96,One year,DSL,4,0
44,27.69,Two year,Fiber,0,0
2,70.06,Two year,None,4,0
13,99.45,One year,DSL,1,0
40,90.71,Month-to-month,DSL,3,1
2,,Two year,DSL,2,1
65,27.29,Month-to-month,Fiber,2,0
63,60.29,Month-to-month,DSL,3,1
17,49.53,Two year,Fiber,1,0
9,43.24,Month-to-month,Fiber,1,1
15,48.1,Month-to-month,Fiber,1,0
24,100.35,Month-to-month,Fiber,2,1
38,112.92,Two year,Fiber,1,0
35,,Month-to-month,Fiber,1,0
49,110.61,One year,DSL,1,0
69,52.15,Month-to-month,DSL,3,1
62,67.64,One year,None,6,1
60,42.6,One year,DSL,2,0
50,84.05,Month-to-month,Fiber,0,1
9,117.9,Month-to-month,None,0,1
34,80.35,Month-to-month,DSL,3,1
35,55.78,Two year,Fiber,3,0
1,84.78,One year,Fiber,4,1
40,32.29,Two year,None,2,0
64,108.87,Month-to-month,None,0,1
22,70.31,One year,Fiber,2,1
60,64.93,One year,DSL,3,0
64,78.59,One year,Fiber,2,1
11,82.48,Two year,Fiber,1,0
14,27.18,Month-to-month,Fiber,2,1
60,88.26,Month-to-month,DSL,2,0
30,44.19,One year,DSL,1,0
35,91.4,One year,Fiber,1,1
37,102.25,One year,Fiber,4,1
5,100.4,Month-to-month,DSL,2,1
26,75.25,Month-to-month,Fiber,4,1
62,72.02,Month-to-month,None,1,1
4,34.29,Month-to-month,Fiber,1,1
42,97.53,One year,DSL,3,1
18,47.14,One year,DSL,2,0
40,69.67,Month-to-month,DSL,1,1
39,48.43,Month-to-month,None,1,0
14,33.38,Month-to-month,Fiber,1,1
32,82.96,Month-to-month,Fiber,1,1
51,25.43,One year,Fiber,0,0
38,94.86,Two year,Fiber,3,0
23,51.76,Month-to-month,None,4,1
63,20.01,One year,Fiber,1,0
15,71.11,Two year,DSL,3,1
25,24.69,Two year,DSL,0,0
17,47.62,Month-to-month,Fiber,3,1
66,90.7,Two year,None,1,1
53,26.27,Month-to-month,DSL,2,0
51,103.93,Month-to-month,None,3,1
39,20.38,Month-to-month,Fiber,2,1
51,44.68,Month-to-month,DSL,1,0
70,94.09,Month-to-month,DSL,1,1
6,51.63,Month-to-month,DSL,2,1
67,30.19,Month-to-month,Fiber,1,0
7,56.02,Two year,DSL,2,0
51,47.04,Two year,Fiber,2,0
42,104.27,Month-to-month,Fiber,3,1
64,51.33,Two year,Fiber,5,1
15,98.89,Two year,DSL,2,0
29,109.19,One year,Fiber,2,1
33,63.38,Month-to-month,Fiber,1,0
27,110.99,One year,Fiber,4,1
36,57.73,Two year,None,2,0
29,116.41,One year,DSL,2,0
38,28.93,Month-to-month,None,0,0
57,88.7,Month-to-month,Fiber,1,1
27,69.38,One year,Fiber,1,1
55,58.76,Month-to-month,Fiber,1,1
33,83.27,Month-to-month,Fiber,2,1
68,90.39,Month-to-month,DSL,3,1
66,20.44,Two year,Fiber,3,0
10,36.7,Two year,Fiber,4,0
5,91.3,Month-to-month,Fiber,3,1
38,86.64,Two year,DSL,1,0
13,116.6,Month-to-month,None,3,1
31,96.1,One year,Fiber,1,1
47,115.08,One year,DSL,2,1
52,90.25,Two year,Fiber,0,0
56,49.81,Two year,Fiber,1,0
15,30.54,Month-to-month,Fiber,1,0
29,98.18,Two year,Fiber,4,1
8,84.41,Month-to-month,None,1,1
5,24.82,One year,DSL,2,0
29,56.01,One year,Fiber,2,0
47,115.68,One year,None,1,0
68,70.04,Month-to-month,None,3,1
45,63.27,Two year,Fiber,4,0
2,65.77,Month-to-month,None,0,1
27,40.89,Month-to-month,DSL,2,1
36,56.87,One year,None,2,1
36,56.98,Month-to-month,DSL,5,1
26,25.24,Two year,DSL,2,0
43,96.76,Month-to-month,DSL,2,0
27,61.65,Month-to-month,Fiber,4,1
69,102.22,Two year,DSL,1,0
20,105.03,Month-to-month,DSL,4,1
11,41.2,Month-to-month,DSL,3,1
38,85.74,One year,DSL,6,1
6,67.23,Month-to-month,Fiber,0,1
23,108.02,One year,Fiber,3,1
47,41.57,Month-to-month,DSL,1,0
46,87.78,Two year,Fiber,1,0
12,80.78,Two year,None,2,0
13,49.53,One year,Fiber,2,1
62,33.66,Month-to-month,DSL,1,0
60,85.16,Two year,Fiber,2,0
43,93.86,One year,DSL,3,1
68,51.56,One year,DSL,2,0
5,84.48,Month-to-month,DSL,2,1
37,59.51,Two year,None,4,0
31,91.32,One year,DSL,1,0
9,39.92,Month-to-month,DSL,0,1
51,109.02,Month-to-month,DSL,3,1
29,48.74,Two year,None,2,0
40,56.78,Month-to-month,Fiber,5,1
41,25.81,Two year,DSL,3,0
11,31.15,One year,Fiber,7,1
23,71.59,One year,Fiber,1,0
1,46.76,Month-to-month,Fiber,4,1
46,103.55,Month-to-month,DSL,1,1
21,21.47,Two year,None,2,0
36,57.91,Month-to-month,DSL,4,1
54,53.73,One year,Fiber,2,1
57,21.93,Month-to-month,DSL,0,0
1,32.44,Month-to-month,Fiber,2,1
63,61.36,Month-to-month,Fiber,2,0
54,69.29,Month-to-month,Fiber,0,0
55,60.43,Two year,DSL,1,0
40,73.09,Month-to-month,Fiber,3,1
15,79.51,Month-to-month,DSL,0,1
21,20.99,Month-to-month,Fiber,1,1
47,66.41,Month-to-month,None,1,0
53,116.35,Month-to-month,Fiber,2,1
9,71.9,Two year,Fiber,0,0
52,87.75,Month-to-month,Fiber,0,1
57,51.19,Month-to-month,Fiber,0,0
26,97.4,Month-to-month,None,3,1
41,97.29,Two year,DSL,3,1
35,72.13,Month-to-month,Fiber,0,1
63,117.6,Month-to-month,Fiber,2,1
25,32.56,One year,Fiber,3,0
38,21.69,One year,DSL,5,0
2,97.02,Month-to-month,Fiber,3,1
7,100.72,Month-to-month,None,1,1
34,32.02,One year,None,3,0
17,46.56,Month-to-month,Fiber,2,1
43,21.76,Two year,Fiber,0,0
59,49.33,One year,None,2,0
51,97.31,Month-to-month,DSL,4,1
54,71.8,Month-to-month,DSL,3,1
24,54.81,Month-to-month,Fiber,2,1
25,57.17,One year,None,3,1
71,20.14,Month-to-month,None,3,0
52,49.98,Month-to-month,Fiber,1,1
70,84.65,One year,DSL,1,0
33,117.42,Two year,Fiber,5,1
49,104.71,Month-to-month,DSL,2,1
29,22.36,Two year,DSL,4,0
63,109.86,Month-to-month,Fiber,4,0
22,98.32,Month-to-month,DSL,2,1
26,98.04,Month-to-month,None,2,1
28,65.8,Month-to-month,Fiber,3,1
49,59.8,Month-to-month,Fiber,4,1
71,50.29,Month-to-month,DSL,1,1
49,26.57,Two year,DSL,2,0
20,42.82,Two year,DSL,1,0
63,44.66,One year,None,6,0
61,68.41,Month-to-month,None,2,0
49,94.74,Month-to-month,Fiber,2,1
71,67.38,Month-to-month,DSL,1,0
1,25.78,One year,None,4,1
13,115.78,Two year,DSL,2,0
51,114.27,Month-to-month,DSL,3,1
56,98.52,Month-to-month,Fiber,1,1
62,119.13,Month-to-month,None,4,1
32,74.45,Month-to-month,DSL,4,0
30,116.28,Month-to-month,DSL,0,1
29,27.56,One year,None,8,0
49,56.57,One year,DSL,3,1
45,,Month-to-month,DSL,2,0
30,39.58,Month-to-month,Fiber,3,1
16,34.08,Two year,None,0,0
40,82.24,Month-to-month,Fiber,2,1
19,98.13,Month-to-month,None,2,1
18,77.83,Month-to-month,Fiber,1,1
1,34.7,Month-to-month,DSL,3,1
47,101.11,Month-to-month,None,2,1
66,83.6,Two year,Fiber,2,0
38,58.82,Month-to-month,DSL,2,1
51,87.41,Month-to-month,Fiber,3,1
63,45.99,One year,DSL,3,0
4,54.52,Month-to-month,DSL,3,1
1,111.75,Two year,DSL,1,1
8,49.05,Two year,Fiber,2,0
29,67.0,Month-to-month,None,3,1
55,109.01,One year,Fiber,0,1
3,90.77,Month-to-month,None,3,1
32,26.22,Two year,DSL,1,0
10,34.73,Month-to-month,DSL,1,1
34,20.78,Two year,DSL,0,0
55,83.09,One year,DSL,2,1
32,64.77,Month-to-month,DSL,3,1
50,33.43,Month-to-month,Fiber,2,1
7,115.79,Two year,None,4,0
8,72.97,Two year,None,1,0
65,44.19,Month-to-month,DSL,2,1
57,70.06,One year,None,1,0
67,87.96,Month-to-month,DSL,2,0
59,,Month-to-month,DSL,4,1
54,47.47,Month-to-month,None,0,0
67,100.7,Month-to-month,Fiber,3,1
51,65.97,Two year,DSL,1,0
8,74.66,Month-to-month,Fiber,2,1
34,63.28,Two year,DSL,1,0
35,24.39,Month-to-month,Fiber,2,1
32,,Month-to-month,Fiber,3,0
46,64.55,Month-to-month,None,3,0
16,40.92,Month-to-month,DSL,1,0
68,25.0,Month-to-month,Fiber,1,1
37,104.36,Month-to-month,Fiber,3,1
54,118.12,One year,Fiber,5,1
14,99.31,Month-to-month,DSL,1,1
55,105.38,Month-to-month,Fiber,3,1
48,44.2,Month-to-month,None,1,1
7,116.06,Two year,None,1,0
7,39.69,Two year,None,2,0
33,115.14,Month-to-month,None,0,1
23,119.48,Month-to-month,Fiber,2,1
19,91.17,Month-to-month,None,2,1
19,118.11,Two year,DSL,1,0
36,76.95,Month-to-month,Fiber,4,1
29,45.95,Month-to-month,DSL,5,1
60,63.7,Month-to-month,Fiber,2,1
2,79.36,Month-to-month,DSL,1,1
1,27.31,Month-to-month,None,2,1
47,82.23,One year,DSL,3,1
69,118.12,Month-to-month,DSL,0,0
20,39.01,One year,Fiber,1,1
11,99.26,Month-to-month,DSL,5,1
2,110.79,Month-to-month,DSL,3,1
67,114.37,Two year,DSL,0,0
12,116.01,Month-to-month,Fiber,4,1
20,72.15,Two year,Fiber,2,0
5,117.73,Month-to-month,Fiber,2,1
37,95.73,Month-to-month,Fiber,1,1
38,36.17,Two year,Fiber,4,0
9,67.69,Month-to-month,DSL,1,1
53,91.83,Two year,DSL,1,0
44,44.73,Month-to-month,Fiber,3,0
24,84.06,Two year,DSL,2,1
30,86.66,Month-to-month,DSL,2,1
59,36.27,Month-to-month,Fiber,1,0
14,76.51,One year,Fiber,2,1
9,97.16,Two year,DSL,2,1
40,69.89,Two year,DSL,1,0
66,21.21,Two year,None,2,0
25,20.9,Two year,None,1,1
22,55.7,Month-to-month,Fiber,3,1
4,112.62,Month-to-month,Fiber,0,1
26,42.87,Month-to-month,Fiber,1,1
58,83.44,Month-to-month,None,2,1
29,42.21,Month-to-month,None,3,0
37,52.17,Month-to-month,DSL,3,0
70,104.8,Month-to-month,None,0,1
18,92.89,One year,DSL,1,1
42,29.54,Month-to-month,DSL,2,1
41,62.87,Month-to-month,Fiber,0,0
38,22.92,Month-to-month,Fiber,2,0
34,68.09,One year,None,3,0
17,86.24,One year,DSL,2,0
37,31.85,One year,Fiber,4,0
25,48.89,Month-to-month,None,2,1
27,59.78,Month-to-month,None,2,0
57,111.95,Month-to-month,DSL,0,0
31,119.33,Month-to-month,Fiber,0,1
6,24.49,Month-to-month,Fiber,2,1
40,96.1,Month-to-month,DSL,1,0
12,57.17,Month-to-month,None,1,1
53,59.25,Two year,None,3,0
71,95.43,Two year,DSL,2,0
10,111.84,Month-to-month,DSL,4,1
45,115.09,Month-to-month,DSL,3,1
17,77.71,Month-to-month,None,2,1
26,55.71,Month-to-month,DSL,1,1
62,98.75,Two year,Fiber,1,0
46,45.1,Month-to-month,Fiber,2,1
64,76.41,One year,Fiber,5,0
2,55.86,Month-to-month,DSL,4,0
54,85.66,Two year,DSL,1,0
65,44.04,Month-to-month,None,0,0
51,39.16,One year,None,0,0
53,111.82,Month-to-month,Fiber,5,1
36,30.18,One year,DSL,4,0
26,70.6,Month-to-month,DSL,2,1
29,42.09,Month-to-month,Fiber,2,0
21,23.89,Two year,DSL,4,0
11,23.6,Two year,None,3,0
40,37.52,Two year,Fiber,6,1
11,106.68,One year,DSL,0,1
36,48.25,Two year,None,3,0
59,115.05,Month-to-month,None,1,1
39,78.16,Month-to-month,DSL,1,1
54,63.66,Month-to-month,Fiber,1,1
55,78.01,One year,DSL,5,1
24,71.67,Month-to-month,Fiber,6,1
22,95.88,Month-to-month,DSL,1,1
69,48.25,One year,Fiber,2,0
56,55.31,Two year,None,0,0
33,109.41,Month-to-month,Fiber,0,1
36,114.65,Month-to-month,DSL,4,1
20,109.26,Month-to-month,Fiber,2,1
62,61.94,Month-to-month,DSL,1,0
26,98.04,Month-to-month,None,2,1
66,,One year,Fiber,0,0
40,69.75,One year,DSL,0,0
17,40.47,One year,DSL,2,0
1,79.11,Month-to-month,Fiber,2,1
61,38.61,Two year,DSL,0,0
43,53.16,Month-to-month,Fiber,2,1
42,105.5,Month-to-month,DSL,1,0
25,40.71,Two year,DSL,3,0
39,27.12,Month-to-month,Fiber,4,1
35,26.9,Month-to-month,None,4,1
3,114.08,Two year,None,2,1
44,70.69,Month-to-month,DSL,4,1
51,60.94,One year,Fiber,4,1
12,101.09,Month-to-month,DSL,2,1
19,103.58,One year,Fiber,2,1
44,53.22,Month-to-month,Fiber,0,1
59,89.36,Month-to-month,None,4,1
49,97.11,One year,None,3,0
61,85.47,Month-to-month,Fiber,2,0
17,35.16,Month-to-month,Fiber,3,1
57,107.59,Month-to-month,None,3,1
55,73.91,Month-to-month,None,2,0
47,48.25,Month-to-month,DSL,6,1
12,62.52,Month-to-month,DSL,1,1
62,23.76,Two year,Fiber,2,0
8,32.79,Month-to-month,DSL,2,1
21,96.55,Month-to-month,DSL,2,1
70,20.0,Month-to-month,DSL,3,1
25,61.66,Month-to-month,Fiber,2,1
12,72.25,Two year,DSL,3,0
15,25.46,Month-to-month,DSL,1,1
59,117.31,Two year,DSL,1,0
26,42.61,Month-to-month,None,0,0
26,,One year,None,6,0
47,50.39,Month-to-month,Fiber,2,1
32,43.04,Two year,Fiber,6,0
10,20.15,One year,None,2,1
16,92.93,Month-to-month,DSL,1,1
71,116.68,Month-to-month,DSL,1,0
17,42.43,Month-to-month,DSL,0,1
23,86.3,Two year,DSL,2,0
26,94.19,Month-to-month,Fiber,2,1
7,104.84,Month-to-month,None,5,1
14,62.26,One year,Fiber,1,1
7,50.29,Month-to-month,Fiber,1,1
9,52.53,Two year,None,2,0
48,91.26,One year,DSL,2,1
59,101.68,One year,DSL,2,0
39,38.16,Two year,Fiber,0,0
18,57.09,Month-to-month,Fiber,3,1
59,110.19,Month-to-month,DSL,3,1
17,100.67,Month-to-month,Fiber,3,1
14,,Month-to-month,Fiber,1,1
31,,One year,Fiber,3,1
24,59.32,Two year,Fiber,1,0
60,79.06,Month-to-month,DSL,2,1
45,86.1,Month-to-month,DSL,2,1
3,27.85,Two year,Fiber,1,0
37,74.45,Month-to-month,DSL,5,1
43,90.93,Month-to-month,None,1,0
40,36.73,Month-to-month,Fiber,2,1
55,98.06,Two year,DSL,1,1
39,78.38,One year,Fiber,4,0
15,115.22,One year,Fiber,2,0
4,24.24,Two year,DSL,1,0
25,46.53,Month-to-month,None,1,1
13,80.16,Month-to-month,None,1,1
33,49.66,Two year,Fiber,3,0
16,91.44,Month-to-month,DSL,1,1
42,95.9,One year,Fiber,1,1
66,30.25,Two year,Fiber,3,0
55,71.39,One year,DSL,3,1
42,70.89,One year,DSL,2,1
34,56.93,Two year,None,0,0
30,113.29,Two year,DSL,1,1
13,102.75,Month-to-month,Fiber,2,1
13,89.72,Month-to-month,Fiber,1,1
18,91.43,Month-to-month,Fiber,0,1
32,66.17,One year,DSL,0,0
39,112.1,Month-to-month,None,0,0
46,89.46,One year,Fiber,2,1
29,92.9,Month-to-month,Fiber,0,1
62,106.17,One year,Fiber,0,1
62,47.41,Month-to-month,Fiber,5,1
57,100.71,One year,None,3,1
16,39.52,Month-to-month,Fiber,1,1
56,,Month-to-month,Fiber,0,0
10,53.56,Month-to-month,None,2,1
30,117.85,One year,Fiber,0,1
25,105.65,Month-to-month,DSL,1,1
5,90.12,Month-to-month,DSL,1,1
65,92.71,Two year,None,2,0
49,76.21,One year,Fiber,2,0
3,114.71,Two year,Fiber,3,1
45,69.63,Month-to-month,Fiber,2,1
14,58.05,Month-to-month,DSL,2,0
30,36.3,Two year,Fiber,2,0
68,98.62,Month-to-month,DSL,0,0
18,93.44,One year,Fiber,2,1
62,58.44,Month-to-month,Fiber,0,1
37,22.52,Month-to-month,Fiber,0,0
25,103.9,Month-to-month,Fiber,4,1
48,21.14,Month-to-month,None,2,1
65,90.37,Month-to-month,Fiber,3,1
53,117.03,Month-to-month,DSL,4,1
15,63.77,Two year,DSL,4,1
49,43.5,Month-to-month,Fiber,1,0
68,90.49,One year,None,3,1
12,101.71,Two year,None,1,1
59,74.64,One year,None,3,0
37,116.7,Month-to-month,DSL,1,1
61,25.17,One year,Fiber,2,0
43,70.48,One year,Fiber,3,1
70,91.85,One year,DSL,1,0
39,106.26,One year,DSL,4,1
56,37.93,Two year,None,2,0
63,100.0,One year,DSL,0,1
46,75.27,Month-to-month,DSL,1,1
11,59.66,One year,DSL,0,1
62,33.17,Month-to-month,None,1,0
25,106.53,Two year,Fiber,4,1
71,35.73,Month-to-month,Fiber,2,0
52,50.98,Month-to-month,None,2,1
4,49.0,Two year,DSL,1,1
59,107.14,One year,Fiber,1,0
20,87.27,Month-to-month,DSL,4,1
63,,Month-to-month,DSL,4,0
54,45.05,Two year,None,1,0
57,82.49,Month-to-month,Fiber,4,1
41,77.17,Two year,Fiber,0,0
3,103.28,Month-to-month,Fiber,2,1
6,110.61,One year,Fiber,0,0
5,21.22,Two year,DSL,2,0
5,87.4,Month-to-month,DSL,1,1
54,25.18,Month-to-month,DSL,3,0
47,74.89,Month-to-month,DSL,3,0
49,,One year,None,0,0
9,50.68,Month-to-month,DSL,2,1
20,55.3,One year,DSL,0,0
61,82.13,Month-to-month,Fiber,2,0
35,53.4,Month-to-month,None,1,1
50,93.27,Month-to-month,DSL,3,1
62,60.45,Month-to-month,DSL,2,1
17,26.84,One year,Fiber,1,0
3,98.38,Two year,Fiber,2,0
32,48.58,One year,Fiber,3,1
13,63.28,Month-to-month,None,3,1
68,88.54,Two year,None,0,0
14,53.25,One year,Fiber,1,1
11,25.66,Two year,Fiber,4,0
56,57.39,Month-to-month,Fiber,3,1
67,114.44,Month-to-month,DSL,1,1
29,84.17,Month-to-month,None,0,1
9,87.15,One year,Fiber,4,1
67,83.23,Month-to-month,DSL,1,1
25,39.9,Month-to-month,Fiber,3,1
42,61.83,Month-to-month,DSL,1,0
9,95.09,One year,Fiber,2,1
40,30.14,One year,Fiber,4,0
25,,Month-to-month,Fiber,1,1
5,47.63,Month-to-month,None,4,1
11,63.2,One year,DSL,2,0
59,118.04,Two year,Fiber,3,0
38,26.75,One year,Fiber,4,0
5,71.87,Two year,Fiber,5,0
48,37.94,One year,Fiber,1,0
18,117.07,One year,Fiber,2,1
70,31.33,Month-to-month,Fiber,3,1
37,60.36,One year,DSL,0,0
60,93.79,One year,None,1,0
48,90.46,One year,Fiber,2,1
28,62.27,Month-to-month,Fiber,0,1
69,54.65,Month-to-month,DSL,2,0
40,59.76,Month-to-month,DSL,4,1
45,46.43,Month-to-month,Fiber,3,1
62,40.53,Month-to-month,None,2,0
58,68.3,Two year,Fiber,4,0
67,46.85,Month-to-month,None,3,1
56,48.75,Month-to-month,Fiber,0,1
40,85.68,Month-to-month,Fiber,2,1
40,116.85,One year,DSL,5,1
33,80.36,Month-to-month,None,1,1
6,27.7,Month-to-month,DSL,2,1
19,27.56,One year,None,2,1
40,,Month-to-month,None,2,1
59,49.73,Two year,None,1,0
59,29.21,Two year,Fiber,2,0
48,79.9,Month-to-month,Fiber,0,1
41,82.36,Month-to-month,Fiber,0,0
13,84.85,One year,DSL,0,0
45,46.74,Month-to-month,Fiber,2,1
53,21.51,Month-to-month,DSL,5,0
42,116.5,Month-to-month,Fiber,3,1
63,45.09,Two year,DSL,4,0
27,87.6,Month-to-month,DSL,1,1
38,90.66,One year,Fiber,2,0
60,81.0,One year,Fiber,3,1
7,51.29,Month-to-month,Fiber,2,1
5,47.11,Month-to-month,DSL,3,1
45,79.77,Two year,Fiber,5,0
58,106.61,Month-to-month,DSL,3,1
31,114.67,One year,Fiber,1,1
23,30.59,Month-to-month,Fiber,2,1
42,35.48,Month-to-month,Fiber,1,1
10,114.47,Month-to-month,Fiber,2,1
32,93.65,Month-to-month,DSL,1,0
53,108.3,Month-to-month,Fiber,2,1
30,40.26,Two year,Fiber,1,0
39,78.76,Month-to-month,Fiber,3,1
31,90.11,Month-to-month,Fiber,3,1
2,88.01,Month-to-month,DSL,3,1
12,60.82,One year,Fiber,0,1
39,21.54,Month-to-month,Fiber,0,0
66,78.29,One year,DSL,1,0
13,45.31,Month-to-month,DSL,1,1
46,65.03,Month-to-month,DSL,4,1
27,,Month-to-month,None,1,1
17,59.9,Two year,Fiber,2,0
60,103.98,Month-to-month,DSL,1,0
64,38.85,Month-to-month,Fiber,2,0
35,87.25,Month-to-month,Fiber,0,1
70,117.7,Two year,None,4,0
30,30.19,Month-to-month,DSL,2,1
71,20.83,Month-to-month,DSL,0,0
63,63.36,Month-to-month,None,2,0
28,29.26,Month-to-month,DSL,3,0
60,94.84,One year,DSL,2,1
37,111.45,One year,None,2,0
22,63.4,Month-to-month,Fiber,2,1
68,45.87,Month-to-month,DSL,0,0
20,63.44,Month-to-month,DSL,0,1
68,92.34,Month-to-month,DSL,1,0
64,20.91,Month-to-month,DSL,3,1
17,78.95,One year,None,4,1
12,81.33,Two year,Fiber,2,1
22,83.77,Two year,Fiber,2,1
17,44.2,Two year,None,2,1
10,91.41,One year,Fiber,0,1
65,29.14,One year,DSL,0,0
22,39.93,Month-to-month,Fiber,0,0
50,107.75,One year,None,0,1
14,93.87,Month-to-month,None,1,1
64,21.37,Month-to-month,DSL,2,1
47,44.84,One year,Fiber,3,0
29,41.44,Month-to-month,Fiber,6,0
36,47.08,Month-to-month,None,3,1
52,44.76,Two year,DSL,2,0
7,26.25,Month-to-month,Fiber,2,1
29,65.89,Month-to-month,None,0,0
11,93.27,Two year,Fiber,1,1
33,80.67,One year,Fiber,2,1
6,87.29,Month-to-month,DSL,1,1
32,28.11,Month-to-month,DSL,1,1
51,115.15,Month-to-month,DSL,0,1
58,103.85,Two year,None,0,0
26,100.51,One year,DSL,3,1
46,102.3,Month-to-month,Fiber,1,1
29,113.27,Month-to-month,Fiber,1,1
4,74.43,Month-to-month,DSL,4,1
13,40.03,Two year,Fiber,3,1
39,81.68,Month-to-month,Fiber,2,1
15,94.29,One year,None,5,1
29,93.79,Month-to-month,Fiber,2,1
29,72.14,One year,Fiber,1,1
32,26.85,Two year,DSL,4,1
2,57.11,One year,None,4,1
47,112.08,Month-to-month,DSL,4,1
22,78.44,One year,Fiber,3,1
27,73.83,One year,DSL,1,0
67,46.89,Month-to-month,None,3,0
56,56.84,Two year,Fiber,0,0
21,109.53,One year,Fiber,0,1
47,86.65,Two year,DSL,4,0
59,,One year,Fiber,5,1
6,65.43,Month-to-month,Fiber,2,1
19,83.02,Month-to-month,Fiber,1,1
57,44.84,Month-to-month,DSL,1,1
69,90.55,Two year,None,1,0
3,62.76,One year,None,3,0
1,64.25,One year,DSL,0,0
58,84.93,Month-to-month,None,2,1
38,113.63,Month-to-month,Fiber,0,1
15,26.4,One year,Fiber,2,0
34,102.47,Month-to-month,DSL,0,1
61,49.24,Month-to-month,Fiber,5,0
35,64.39,One year,Fiber,2,0
64,22.19,Month-to-month,Fiber,2,0
25,50.1,Month-to-month,Fiber,7,1
24,70.26,Month-to-month,Fiber,1,1
12,25.62,Month-to-month,Fiber,3,1
18,69.11,Two year,DSL,0,0
15,112.71,Month-to-month,None,1,1
27,30.54,Month-to-month,Fiber,2,1
60,96.44,Month-to-month,DSL,1,0
46,60.97,One year,DSL,2,0
17,85.52,Month-to-month,Fiber,0,1
53,46.02,One year,None,1,0
8,35.95,Month-to-month,Fiber,0,1
27,36.05,Month-to-month,Fiber,4,1
46,27.05,Month-to-month,DSL,2,1
50,38.56,Two year,Fiber,1,0
71,86.42,Two year,None,0,0
3,108.17,Month-to-month,Fiber,8,1
64,101.41,Month-to-month,DSL,1,1
44,88.51,Two year,Fiber,3,1
53,31.04,Month-to-month,DSL,2,0
24,48.92,Two year,Fiber,1,0
60,50.98,Month-to-month,Fiber,1,1
3,45.0,Two year,Fiber,4,0
20,71.5,One year,DSL,1,1
46,73.56,Two year,None,1,1
15,55.69,One year,Fiber,2,1
25,55.38,Month-to-month,Fiber,2,1
71,102.86,Two year,Fiber,0,0
17,98.93,Month-to-month,Fiber,2,1
9,50.78,Month-to-month,Fiber,1,0
38,111.38,One year,Fiber,3,1
48,115.28,One year,Fiber,1,1
60,52.67,Two year,DSL,2,0
63,55.44,Month-to-month,None,6,0
2,70.56,One year,Fiber,3,1
11,114.11,One year,DSL,0,0
64,107.63,Month-to-month,Fiber,2,0
21,30.26,Month-to-month,None,4,1
18,59.27,Month-to-month,None,0,0
64,75.34,Month-to-month,Fiber,3,0
38,70.31,Two year,DSL,2,0
32,39.39,One year,Fiber,3,1
11,105.88,One year,DSL,2,1
45,87.69,Two year,None,3,0
33,103.79,Month-to-month,DSL,1,1
41,105.88,Two year,DSL,3,0
8,94.84,Month-to-month,Fiber,1,1
11,63.92,Two year,Fiber,5,1
51,81.05,Month-to-month,Fiber,0,1
41,36.04,Two year,Fiber,6,0
17,87.36,Month-to-month,DSL,3,1
46,37.93,Month-to-month,DSL,2,1
32,,One year,Fiber,3,1
54,42.96,Month-to-month,DSL,1,1
20,31.76,One year,Fiber,3,1
33,36.53,Month-to-month,Fiber,1,1
40,20.2,One year,Fiber,2,0
32,91.87,Month-to-month,None,2,1
2,93.24,Month-to-month,None,1,1
33,71.49,Month-to-month,None,2,1
30,36.14,Month-to-month,DSL,2,0
33,28.36,Month-to-month,DSL,2,1
26,21.91,Month-to-month,DSL,5,0
22,36.57,Month-to-month,None,1,0
66,109.09,Month-to-month,None,0,1
38,44.15,One year,None,4,1
46,55.43,Two year,DSL,4,0
15,30.53,Month-to-month,None,3,1
44,42.24,One year,Fiber,4,1
49,71.92,One year,DSL,2,1
61,80.78,Month-to-month,Fiber,0,0
67,44.54,One year,DSL,0,0
6,25.77,Month-to-month,Fiber,3,1
9,59.1,Month-to-month,DSL,4,1
6,43.42,Month-to-month,Fiber,2,1
32,41.96,One year,Fiber,0,0
41,115.99,One year,None,0,1
8,81.63,Month-to-month,Fiber,1,1
50,75.69,Month-to-month,Fiber,1,0
62,61.58,Two year,None,2,1
62,62.89,Month-to-month,None,0,1
7,74.09,Month-to-month,DSL,0,1
4,89.64,Two year,Fiber,1,1
6,90.21,One year,DSL,2,1
58,37.17,One year,DSL,1,0
22,70.01,One year,Fiber,4,0
26,61.2,Two year,None,2,1
3,107.05,Month-to-month,DSL,3,1
41,83.14,Month-to-month,None,2,1
60,73.25,Month-to-month,None,3,1
14,31.54,Two year,None,0,0
12,80.56,One year,DSL,4,1
12,31.72,Month-to-month,None,2,1
13,53.72,Two year,DSL,2,0
25,34.28,Month-to-month,Fiber,1,0
45,89.21,Month-to-month,DSL,2,0
19,40.63,Month-to-month,DSL,1,1
55,59.19,Month-to-month,Fiber,1,1
45,109.57,Two year,Fiber,0,0
8,40.43,Month-to-month,DSL,3,1
53,70.78,Two year,DSL,5,0
55,61.93,One year,Fiber,2,1
32,21.81,Month-to-month,DSL,1,0
51,99.28,Two year,None,0,0
44,26.9,Month-to-month,DSL,1,0
70,67.43,Month-to-month,DSL,2,1
18,76.07,Month-to-month,Fiber,0,1
22,82.84,Two year,Fiber,2,1
37,88.86,Month-to-month,Fiber,1,0
56,45.33,Month-to-month,DSL,1,0
59,21.0,Month-to-month,None,5,0
3,92.34,Month-to-month,Fiber,0,0
28,73.57,One year,DSL,2,1
35,103.61,Month-to-month,Fiber,0,1
61,102.14,Month-to-month,None,0,1
54,104.33,Month-to-month,DSL,0,1
63,,Month-to-month,DSL,3,0
7,53.36,Two year,Fiber,4,0
49,99.16,Month-to-month,Fiber,4,1
31,65.13,Two year,Fiber,1,0
58,38.34,Month-to-month,DSL,2,0
61,105.5,Month-to-month,DSL,2,1
24,108.26,Two year,Fiber,1,1
20,66.63,Month-to-month,DSL,3,1
37,27.57,One year,Fiber,3,1
4,,Two year,Fiber,2,1
20,100.35,Month-to-month,DSL,1,1
60,110.18,Month-to-month,None,3,1
24,40.35,One year,None,0,0
50,26.7,Month-to-month,Fiber,3,1
49,107.74,Month-to-month,DSL,2,1
51,58.94,Month-to-month,DSL,1,0
36,74.18,Month-to-month,Fiber,3,1
66,116.81,One year,DSL,3,1
34,26.66,Month-to-month,None,2,0
36,84.83,Month-to-month,DSL,3,1
6,27.41,One year,Fiber,2,0
39,57.55,Month-to-month,Fiber,1,1
42,100.38,Month-to-month,Fiber,3,1
58,63.35,One year,DSL,1,0
12,119.72,Month-to-month,Fiber,2,1
3,75.91,One year,DSL,2,1
18,52.12,Two year,None,4,0
40,42.01,Month-to-month,DSL,1,0
21,55.05,Month-to-month,None,1,0
15,57.25,Month-to-month,None,2,1
26,26.87,Month-to-month,DSL,3,0
8,56.96,Two year,Fiber,1,0
42,66.42,Two year,DSL,1,0
44,92.27,Month-to-month,None,2,0
14,85.67,One year,Fiber,1,1
2,90.88,Two year,DSL,2,1
37,20.84,Two year,Fiber,2,0
69,41.77,Month-to-month,DSL,1,0
38,86.17,Month-to-month,None,1,1
41,68.4,Month-to-month,DSL,2,1
62,20.53,Two year,Fiber,1,0
60,100.45,Month-to-month,Fiber,2,1
14,97.28,One year,None,2,1
2,74.84,Month-to-month,DSL,3,1
70,26.65,Month-to-month,Fiber,3,1
17,96.65,Month-to-month,Fiber,2,1
28,78.37,Two year,Fiber,4,1
66,98.2,Month-to-month,DSL,4,1
35,95.17,One year,DSL,1,1
5,100.3,Month-to-month,DSL,3,1
65,71.8,Month-to-month,Fiber,1,1
40,34.03,Month-to-month,DSL,0,0
56,87.12,Month-to-month,Fiber,3,0
36,82.05,Month-to-month,DSL,3,0
45,94.23,Month-to-month,None,0,0
23,36.99,Month-to-month,None,0,1
47,39.5,Month-to-month,Fiber,4,1
31,109.04,Two year,Fiber,1,0
11,95.0,Two year,DSL,4,1
10,110.82,Month-to-month,DSL,2,1
67,95.87,One year,DSL,2,0
14,79.72,Two year,Fiber,3,0
10,85.41,Month-to-month,Fiber,2,1
1,108.91,Two year,None,2,0
5,77.88,Two year,Fiber,0,0
20,83.24,Month-to-month,Fiber,3,1
8,35.65,Month-to-month,Fiber,2,1
43,67.39,Two year,Fiber,2,0
1,91.64,Month-to-month,DSL,1,1
57,47.09,Month-to-month,Fiber,1,1
64,40.23,Month-to-month,Fiber,1,0
28,51.38,Month-to-month,Fiber,3,1
37,44.15,One year,None,1,0
47,41.49,One year,DSL,4,0
37,62.49,Two year,DSL,2,0
49,110.78,Month-to-month,Fiber,1,1
44,70.71,Month-to-month,Fiber,1,1
56,38.79,Month-to-month,DSL,3,1
28,27.7,Month-to-month,Fiber,2,1
6,89.62,Month-to-month,None,0,0
61,58.28,Two year,None,3,0
20,102.18,Two year,DSL,1,1
2,85.95,Month-to-month,None,0,0
37,99.62,One year,Fiber,6,1
20,47.19,Month-to-month,Fiber,1,1
26,89.24,Month-to-month,Fiber,4,1
29,46.41,One year,None,3,1
1,113.91,Month-to-month,Fiber,3,1
35,83.64,Two year,Fiber,3,1
70,52.45,One year,Fiber,3,1
59,46.95,Month-to-month,Fiber,1,0
69,39.09,One year,DSL,0,0
33,89.46,Month-to-month,None,1,0
51,41.87,Month-to-month,Fiber,1,0
12,79.53,Month-to-month,Fiber,0,1
20,46.46,Month-to-month,DSL,1,0
53,86.2,One year,Fiber,3,1
43,101.49,Month-to-month,DSL,0,1
50,97.8,One year,DSL,0,0
29,96.09,One year,Fiber,2,1
57,38.77,Month-to-month,Fiber,1,0
39,28.84,Two year,Fiber,4,0
56,89.89,Month-to-month,DSL,0,1
43,56.83,Month-to-month,Fiber,2,0
50,63.23,Month-to-month,DSL,4,1
23,23.11,Month-to-month,None,2,0
44,45.96,Month-to-month,Fiber,4,1
38,23.37,One year,Fiber,1,0
23,107.92,Month-to-month,DSL,2,1
45,44.34,Month-to-month,DSL,0,1
52,75.73,Two year,None,2,0
50,23.9,One year,DSL,2,1
8,86.68,Two year,Fiber,4,1
1,52.3,Month-to-month,Fiber,1,1
8,109.79,One year,DSL,5,1
29,108.81,Two year,None,1,1
5,52.53,One year,Fiber,0,0
47,110.1,One year,DSL,3,0
34,119.62,Month-to-month,DSL,1,1
65,102.54,Month-to-month,DSL,3,1
55,104.49,Month-to-month,None,4,1
43,44.9,Month-to-month,Fiber,0,0
30,77.67,Two year,DSL,1,1
17,26.73,Month-to-month,DSL,2,1
26,29.49,Two year,Fiber,1,0
8,119.89,Two year,Fiber,4,0
47,52.66,Month-to-month,Fiber,1,1
46,94.82,Month-to-month,Fiber,4,1
68,100.67,Two year,DSL,0,0
33,105.8,Two year,Fiber,0,0
1,119.76,Month-to-month,None,2,1
19,44.15,Month-to-month,DSL,4,1
31,24.04,Month-to-month,Fiber,4,0
14,61.12,One year,Fiber,1,1
53,33.01,Month-to-month,Fiber,3,1
48,22.24,One year,DSL,1,1
69,56.04,Month-to-month,None,1,0
62,,Month-to-month,Fiber,1,1
66,76.62,Month-to-month,Fiber,2,0
64,51.28,Month-to-month,DSL,3,1
70,85.43,Month-to-month,DSL,3,1
63,43.2,Month-to-month,DSL,0,0
33,21.44,Month-to-month,Fiber,0,1
41,96.44,Month-to-month,DSL,0,1
48,82.37,Month-to-month,Fiber,1,1
13,96.23,Two year,Fiber,2,1
31,23.89,Month-to-month,Fiber,3,1
68,103.71,Month-to-month,Fiber,2,1
4,81.95,One year,Fiber,3,1
19,76.34,Two year,DSL,3,0
70,82.46,Month-to-month,DSL,4,0
13,106.44,One year,Fiber,2,1
23,78.69,One year,Fiber,1,0
1,78.1,One year,DSL,2,1
54,119.07,Month-to-month,Fiber,2,1
71,95.67,One year,DSL,2,0
15,64.23,Month-to-month,DSL,1,0
65,90.74,One year,DSL,1,0
71,58.92,One year,None,0,0
15,42.89,Month-to-month,DSL,0,1
21,79.69,Two year,DSL,2,0
19,112.82,Month-to-month,DSL,1,1
60,112.91,Two year,DSL,7,1
33,54.19,Month-to-month,Fiber,1,0
49,72.77,Month-to-month,DSL,1,1
35,41.16,Month-to-month,DSL,1,0
44,119.56,Two year,Fiber,2,0
11,118.11,Month-to-month,DSL,4,1
66,84.95,Month-to-month,Fiber,2,1
46,100.44,Month-to-month,Fiber,1,0
9,91.51,One year,DSL,1,1
3,79.32,Month-to-month,Fiber,1,1
26,25.33,Month-to-month,DSL,0,0
48,65.48,Month-to-month,Fiber,4,1
66,87.48,Month-to-month,Fiber,1,0
70,87.75,Month-to-month,DSL,3,1
28,57.31,Month-to-month,Fiber,3,0
26,114.17,One year,None,3,1
25,36.74,Month-to-month,None,2,0
12,70.04,Month-to-month,Fiber,2,1
5,89.09,Month-to-month,Fiber,3,1
48,89.71,Two year,DSL,2,0
37,84.86,Two year,DSL,0,0
44,47.53,Two year,Fiber,3,0
15,35.62,Month-to-month,Fiber,2,0
43,83.59,Month-to-month,None,4,1
48,79.93,Month-to-month,Fiber,2,1
70,37.94,Month-to-month,Fiber,1,0
46,90.51,Month-to-month,Fiber,3,1
43,65.52,One year,None,2,0
21,86.78,Two year,Fiber,2,1
23,103.74,Two year,Fiber,0,1
47,36.97,Month-to-month,DSL,0,1
15,21.91,One year,None,4,0
25,97.91,Month-to-month,DSL,1,1
36,80.97,Month-to-month,None,2,1
51,89.96,One year,Fiber,1,0
15,103.82,Month-to-month,Fiber,1,1
68,100.28,Month-to-month,Fiber,1,0
21,116.09,Month-to-month,Fiber,2,1
13,,One year,DSL,3,0
19,68.85,One year,None,2,1
34,60.19,Month-to-month,Fiber,1,1
68,35.37,Two year,DSL,1,0
52,77.26,Month-to-month,DSL,2,1
27,47.7,Month-to-month,Fiber,1,1
29,112.13,One year,Fiber,3,1
28,78.32,One year,Fiber,2,1
35,79.28,Two year,Fiber,1,0
8,55.49,Month-to-month,Fiber,3,1
16,25.2,One year,None,3,0
36,23.17,One year,Fiber,4,1
30,62.33,Two year,None,0,0
18,28.46,Month-to-month,DSL,4,1
2,80.68,One year,Fiber,2,1
49,108.1,One year,DSL,2,0
4,108.29,Month-to-month,Fiber,0,1
7,85.9,Month-to-month,None,1,1
39,41.12,Month-to-month,DSL,4,1
13,106.3,One year,DSL,2,1
31,108.61,Two year,None,3,1
71,39.67,One year,DSL,2,0
63,93.74,One year,Fiber,7,1
56,48.65,Month-to-month,Fiber,2,1
42,100.26,Month-to-month,None,3,0
61,119.72,Month-to-month,DSL,0,1
42,23.0,Month-to-month,DSL,2,1
56,109.74,Month-to-month,Fiber,3,1
36,82.26,Month-to-month,None,3,0
68,117.34,Month-to-month,Fiber,3,1
7,66.5,Month-to-month,DSL,3,1
54,104.74,Month-to-month,Fiber,1,1
1,26.24,Month-to-month,None,2,1
44,53.53,Month-to-month,None,2,0
45,26.7,Two year,None,1,0
47,117.53,Two year,DSL,1,0
13,101.7,One year,DSL,3,1
22,105.25,Month-to-month,Fiber,4,1
21,113.8,One year,None,1,0
9,28.51,Two year,DSL,0,0
26,58.56,One year,DSL,2,0
9,27.1,Month-to-month,Fiber,1,0
15,41.08,One year,DSL,2,1
10,42.94,Two year,Fiber,3,0
42,66.91,One year,Fiber,2,0
24,46.86,One year,Fiber,0,1
49,,Month-to-month,Fiber,1,0
26,36.75,Month-to-month,Fiber,1,1
37,34.73,Month-to-month,Fiber,0,0
68,117.31,One year,Fiber,4,1
50,95.93,Month-to-month,Fiber,1,0
24,116.78,Month-to-month,Fiber,2,1
19,63.97,Month-to-month,DSL,0,1
60,47.84,Month-to-month,DSL,4,1
39,99.83,Month-to-month,DSL,0,1
18,52.63,One year,DSL,1,0
19,49.94,One year,Fiber,2,0
36,43.25,Month-to-month,None,3,0
55,32.97,Month-to-month,Fiber,1,0
69,45.65,Month-to-month,Fiber,2,1
47,55.53,Two year,Fiber,4,0
49,87.4,Month-to-month,Fiber,6,1
33,26.26,Month-to-month,Fiber,0,1
21,41.05,Month-to-month,DSL,1,1
22,100.9,One year,DSL,1,1
48,34.69,Two year,Fiber,2,0
37,54.26,Two year,None,0,0
15,106.47,One year,DSL,3,1
35,35.49,Month-to-month,DSL,5,1
71,28.27,Month-to-month,Fiber,1,1
32,68.45,Month-to-month,DSL,4,1
11,50.24,Month-to-month,None,2,0
10,76.34,Month-to-month,Fiber,2,0
57,100.38,Month-to-month,None,3,1
25,33.71,Month-to-month,Fiber,2,1
2,78.07,Two year,Fiber,4,0
64,70.55,One year,Fiber,2,0
35,34.41,Two year,Fiber,7,0
7,82.4,One year,Fiber,1,1
18,47.36,Month-to-month,DSL,2,1
67,68.78,One year,Fiber,3,0
42,28.23,Month-to-month,Fiber,1,1
39,65.96,One year,None,1,1
41,50.65,Month-to-month,Fiber,3,0
24,102.24,Two year,Fiber,2,0
60,25.7,Month-to-month,DSL,1,0
46,61.86,Month-to-month,Fiber,4,1
19,65.84,Two year,Fiber,2,1
68,92.5,Month-to-month,None,1,1
42,77.43,One year,None,2,1
32,86.72,One year,DSL,3,1
39,97.7,Two year,None,1,0
36,106.22,Two year,DSL,0,1
36,51.39,Two year,Fiber,1,0
3,73.8,Month-to-month,Fiber,0,1
8,104.01,Two year,DSL,1,0
70,118.95,One year,Fiber,2,0
41,108.95,One year,DSL,1,1
68,57.15,Month-to-month,DSL,4,0
13,39.52,One year,Fiber,1,0
49,68.94,Two year,Fiber,2,0
60,94.16,Two year,None,0,0
2,69.26,Month-to-month,Fiber,0,1
60,68.32,Month-to-month,Fiber,5,1
5,103.82,Month-to-month,Fiber,0,1
44,56.14,Two year,DSL,0,0
27,105.98,One year,DSL,1,1
32,60.68,Month-to-month,Fiber,0,0
21,52.82,Month-to-month,Fiber,1,1
8,65.4,Month-to-month,Fiber,1,1
50,96.24,Month-to-month,Fiber,3,1
67,32.6,Two year,Fiber,1,0
44,39.64,One year,DSL,1,0
58,115.14,Month-to-month,DSL,3,1
3,37.55,Month-to-month,None,2,1
70,76.77,Month-to-month,Fiber,3,0
2,77.93,Two year,None,1,0
44,68.96,Month-to-month,DSL,0,0
2,84.47,Month-to-month,None,0,1
35,42.98,Month-to-month,DSL,1,1
30,75.27,One year,DSL,6,1
8,57.22,One year,None,0,0
22,86.17,One year,DSL,5,1
44,34.12,Month-to-month,Fiber,1,1
58,77.09,Month-to-month,DSL,3,1
36,38.53,Month-to-month,Fiber,3,1
69,47.86,One year,None,2,0
31,41.87,Month-to-month,DSL,2,0
47,38.28,One year,Fiber,2,0
55,102.57,Two year,DSL,2,0
62,48.57,Two year,Fiber,4,0
30,112.71,Month-to-month,DSL,2,0
55,116.99,Month-to-month,DSL,1,1
16,77.13,Month-to-month,DSL,2,1
12,34.3,One year,DSL,3,0
17,57.45,Two year,None,3,1
16,99.77,Month-to-month,Fiber,1,1
12,56.74,Month-to-month,DSL,3,1
8,28.7,Two year,Fiber,3,0
3,75.68,Two year,DSL,1,1
16,104.51,Month-to-month,Fiber,1,1
30,99.59,One year,None,0,1
23,37.51,Month-to-month,Fiber,1,0
5,87.28,Month-to-month,None,2,1
65,42.05,Two year,Fiber,4,0
30,41.82,Two year,DSL,3,1
21,107.41,One year,Fiber,1,1
70,44.97,Month-to-month,Fiber,3,0
22,46.32,Two year,Fiber,4,1
32,20.07,Month-to-month,None,2,0
33,107.07,Month-to-month,Fiber,3,1
16,99.26,Month-to-month,None,1,1
38,82.73,Month-to-month,Fiber,0,0
14,95.03,One year,Fiber,1,1
36,35.2,One year,Fiber,1,1
23,65.83,Month-to-month,DSL,3,1
66,55.12,Month-to-month,None,1,1
2,29.38,Month-to-month,Fiber,4,1
65,68.61,Month-to-month,DSL,4,1
67,,One year,DSL,1,0
52,24.01,Two year,Fiber,1,0
62,49.15,Month-to-month,DSL,1,1
23,40.75,Month-to-month,DSL,3,1
26,43.81,One year,Fiber,3,1
68,110.84,Two year,DSL,2,0
55,66.81,Month-to-month,Fiber,2,0
6,66.63,Month-to-month,DSL,4,1
35,96.06,One year,DSL,1,1
22,35.45,Month-to-month,Fiber,2,1
43,68.73,Month-to-month,Fiber,2,0
15,63.0,One year,DSL,2,0
60,79.69,One year,DSL,3,1
12,119.96,One year,Fiber,2,1
49,96.94,One year,DSL,1,0
42,59.79,One year,DSL,3,0
38,102.76,Month-to-month,DSL,2,1
45,37.07,Month-to-month,None,2,1
35,23.05,Month-to-month,Fiber,4,1
30,40.44,Month-to-month,Fiber,0,0
30,54.04,One year,Fiber,5,1
6,71.06,Two year,Fiber,1,0
67,81.51,Two year,Fiber,1,0
7,111.06,One year,Fiber,2,1
52,70.99,Month-to-month,DSL,1,0
14,70.13,Month-to-month,Fiber,1,1
15,25.02,Two year,Fiber,0,0
21,23.49,One year,Fiber,1,0
35,75.12,One year,Fiber,1,1
66,63.82,One year,DSL,1,0
2,103.92,One year,Fiber,1,1
35,36.07,Two year,Fiber,0,0
20,22.5,Month-to-month,None,3,1
10,64.9,One year,DSL,1,1
25,43.75,Two year,Fiber,2,0
66,24.96,Month-to-month,Fiber,1,0
25,92.46,One year,None,1,0
54,31.16,Month-to-month,Fiber,1,0
33,80.83,Two year,Fiber,1,0
36,48.1,Month-to-month,Fiber,4,1
14,37.35,One year,Fiber,5,0
65,57.98,Month-to-month,None,1,0
54,100.14,One year,DSL,0,1
52,59.21,Month-to-month,DSL,3,1
3,95.08,Month-to-month,None,4,1
41,32.55,Month-to-month,Fiber,4,0
6,97.28,Two year,Fiber,4,1
25,43.69,Month-to-month,Fiber,3,1
13,87.74,Month-to-month,DSL,2,1
8,76.58,One year,Fiber,0,1
21,112.91,Month-to-month,Fiber,3,1
68,58.73,Two year,DSL,3,0
25,26.62,Month-to-month,DSL,2,0
68,21.92,One year,None,1,0
45,102.69,Month-to-month,DSL,2,1
60,72.47,Month-to-month,None,1,0
12,97.52,One year,DSL,0,1
32,43.44,One year,Fiber,4,1
13,54.51,One year,None,1,0
31,23.01,Month-to-month,Fiber,4,0
20,116.15,Month-to-month,Fiber,2,1
18,86.79,Month-to-month,Fiber,1,1
60,113.32,Two year,DSL,3,1
63,46.55,Month-to-month,DSL,2,1
6,81.15,Month-to-month,None,1,1
32,87.85,Month-to-month,Fiber,0,1
43,51.75,One year,Fiber,0,1
2,104.81,Month-to-month,Fiber,4,1
60,114.72,Two year,DSL,4,1
23,108.49,Month-to-month,DSL,3,1
31,93.91,Two year,Fiber,1,0
5,47.75,Month-to-month,Fiber,1,1
34,48.16,One year,Fiber,4,1
10,116.34,Two year,None,1,1
2,21.03,Month-to-month,DSL,3,1
11,91.6,Two year,Fiber,1,1
50,90.62,Month-to-month,DSL,3,1
31,82.27,Two year,Fiber,2,0
56,119.01,One year,DSL,2,0
9,51.19,Month-to-month,None,3,1
21,54.0,Month-to-month,DSL,3,1
28,27.89,Month-to-month,None,2,1
62,64.28,Month-to-month,Fiber,1,1
7,46.1,Month-to-month,None,1,1
16,54.34,Month-to-month,Fiber,2,1
4,103.46,Month-to-month,None,2,1
4,113.55,One year,DSL,3,1
40,38.57,Month-to-month,Fiber,0,0
17,57.25,Month-to-month,None,4,1
52,112.86,One year,DSL,3,1
52,26.18,Month-to-month,DSL,0,0
36,29.24,Month-to-month,Fiber,2,0
38,36.28,Month-to-month,None,0,1
50,79.52,Two year,Fiber,2,0
63,35.05,Two year,Fiber,1,1
63,116.81,Month-to-month,DSL,4,1
62,64.67,One year,DSL,1,0
7,70.15,Month-to-month,None,0,1
27,44.67,One year,DSL,2,0
14,67.1,One year,Fiber,2,0
71,86.19,One year,None,1,1
5,95.12,Month-to-month,DSL,2,1
55,95.39,Month-to-month,Fiber,3,0
2,77.79,Month-to-month,DSL,2,1
62,110.44,Two year,Fiber,1,0
21,101.74,One year,DSL,0,1
21,95.7,Two year,Fiber,2,1
10,25.56,Two year,DSL,2,0
58,20.69,Month-to-month,Fiber,1,0
39,41.24,One year,Fiber,3,0
5,86.35,One year,DSL,1,1
65,61.12,Two year,Fiber,4,0
13,60.24,Two year,DSL,3,0
53,108.46,One year,Fiber,4,1
45,109.56,Month-to-month,DSL,3,1
32,110.92,One year,Fiber,0,1
36,,Month-to-month,DSL,3,1
60,89.11,One year,Fiber,1,1
11,47.16,Two year,DSL,0,0
63,39.06,Month-to-month,Fiber,2,1
21,38.46,One year,DSL,3,1
52,54.21,Month-to-month,None,3,1
55,63.0,Month-to-month,None,0,0
26,103.09,Month-to-month,DSL,0,1
68,31.99,One year,Fiber,3,0
34,93.49,Two year,DSL,2,1
52,73.15,Two year,Fiber,5,0
52,48.79,Month-to-month,Fiber,3,1
29,69.28,Two year,Fiber,1,0
38,49.99,One year,Fiber,1,1
42,79.61,Month-to-month,DSL,1,0
21,63.38,Month-to-month,Fiber,2,1
42,36.44,Month-to-month,DSL,0,0
13,31.66,Two year,Fiber,4,1
64,74.67,One year,Fiber,0,1
17,110.24,One year,Fiber,2,1
9,54.4,Month-to-month,DSL,2,1
41,93.3,One year,DSL,1,0
1,85.87,Month-to-month,DSL,1,1
2,113.16,Month-to-month,DSL,3,1
60,102.1,One year,DSL,2,0
48,76.66,Month-to-month,None,5,1
